key	count	x	y	src_hex	jp
0x3B16EF50AF06E8C4	699624	43296	10328	4c2564	L%d
0xA8F686DD1968E233	77081	236	168	a5d1a5eba5d1a5eb	パルパル
0xBCECCA31A1317B53	76622	156	334	a5a4a5efa5a4a5ef	イワイワ
0x4B01C45248D02E8B	61608	310	376	a5eca5a2a5eca5a2	レアレア
0x519709D99CA2CC1B	61608	464	376	a5d5a5c7a5d5a5c7	フデフデ
0x12C547D33E93505B	61608	31	34	a5b9a5d4a5b9a5d4	スピスピ
0xF5641CC74740B513	61168	156	376	a5cba5c9a5cba5c9	ニドニド
0x30AC2CDC9B9CD6DE	58262	100	265	a4b8a4e5a4f3a4d320a4aba4f3a4eaa4e7a4a6a1aa	じゅんび かんりょう！
0xB594C668AE22CE26	46330	258	180	a4d5a4c4a4a6	ふつう
0x9ACC648A5C6763E6	34026	25776	10432	2533642f253364	%3d/%3d
0x9AE06900C5AE7182	30946	25776	10432	2564	%d
0x0CB0D3E6D27ED7D4	21816	118	19	a4bfa4bfa4aba4a6	たたかう
0xF360D6C94F9569EC	21816	182	19	a5dda5b1a5e2a5f3	ポケモン
0xF0FD9D8554B8AA5D	21816	246	19	a4cba4b2a4eb	にげる
0x77B215C3ECDE7C7B	20900	120	77	a5d0a5c8a5eba5e2a1bca5c9	バトルモード
0xC4EA95785829B37B	20892	80	118	a5d5a5eaa1bca5d0a5c8a5eb	フリーバトル
0x00544C1CD6D78CC7	20892	342	285	a5c8a1bca5caa5e1a5f3a5c8	トーナメント
0x1E989482DCCD779D	20875	140	335	a4b5a4a4a4ada4e7a4a6a4cea1a1a5c8a5eca1bca5caa1bca4f2a1a1a4ada4e1a4eba1a30aa3b2a4c4a4cea1a1a5eba1bca5eba4cea1a1a4bfa4a4a4aba4a4a4aca1a1a4a2a4eba1a3	さいきょうの　トレーナーを　きめる。\n２つの　ルールの　たいかいが　ある。
0xA5B9CE5059D492DE	15799	0	15	3dccc8	=免
0x9B087D00C5CFE592	15760	47	17	3150	1P
0x22975950A192B2F4	15344	43296	10168	4f4b21	OK!
0x374EA30D01E8AF2F	10681	120	19	a4e2a4c9a4eb	もどる
0xE01F824110FB8D87	10681	177	19	a4aba4afa4cba4f3	かくにん
0x52F1BC4924CD09FE	8610	43296	10208	53656c65637420456e74727920506f6b656d6f6e	Select Entry Pokemon
0x1ADEBD9713E8E987	8054	242	208	a3c3a3cfa3cd	ＣＯＭ
0x0C1CF7028375C66B	4701	58	163	a4caa4dea4a8	なまえ
0x6EFCFC1DDCB9AD5E	2870	48	70	a5a8a5f3a5c8a5eaa1bca5dda5b1a5e2a5f3a4cea4bba4f3a4bfa4afa1a1a1a1a1a1a1a1a1a1a1a1a1a1a1a1a1a1	エントリーポケモンのせんたく　　　　　　　　　
0x33D09D907C9D2DA5	2866	346	76	2573a4bba4f3a4bfa4afa4c1a4e5a4a6	%sせんたくちゅう
0x630004271D6BF997	2866	110	163	a5aca1bca5eb	ガール
0x34893392396386A9	2866	43296	10416	25732069732063686f6f73696e67	%s is choosing
0xCAF7D19669FDD98C	2823	43296	10208	426174746c65204d6f6465	Battle Mode
0xD8A3744FE6761D35	2394	459	255	253364	%3d
0x0A259EA2DEE4503E	1986	250	335	a4cfa4a4	はい
0xC40B1B46B18BEA17	1986	326	335	a4a4a4a4a4a8	いいえ
0x50A2D552E4B3FE7E	1935	140	285	a4b3a4cea5c7a1bca5bfa4c7a5a8a5f3a5c8a5eaa1bca4b7a4dea4b9a1a3	このデータでエントリーします。
0x71240E0E21FC374C	1542	43296	10224	4e6f20474220436172747269646765	No GB Cartridge
0x886BF2B6EF3F9DBE	1540	43296	10240	45617274687175616b65	Earthquake
0xF6CD9A5088A2C7D9	1540	43296	10240	446967	Dig
0xF36E598E8E49F975	1497	10	16	3d652761bda7	=e'a洲
0x30EBCD95DE463D15	1363	70	230	a5eca5f3a5bfa5eba5dda5b1a5e2a5f3	レンタルポケモン
0xCCF098BAE393AB08	1003	156	334	a5d5a4eaa1bca5b6a1bc	フりーザー
0x54FB36C4039DBAB1	1003	310	334	a5b5a5f3a5c0a1bc	サンダー
0x96C5D2224B7B676E	1003	464	334	a5d5a5a1a5a4a5e4a1bc	ファイヤー
0x69A8B9D379A70583	1003	156	376	a5aba5a4a4eaa5e5a1bc	カイりュー
0xEC0C7608EE33A1AA	1003	456	318	a5d7a5c6a5e9	プテラ
0x25EA7E3DC779943E	1003	192	368	a5aea5e3a5e9a5c9a5b9	ギャラドス
0x1D7D43FE21C431A8	933	140	335	a1d6a4c8a4a6a4eda4afa1d7a4b7a4c6a4a2a4eba1a1a5dda5b1a5e2a5f3a4e40aa4c8a4e2a4c0a4c1a4c8a4cea1a1a4bfa4a4a4bba4f3a4aca1a1a4c7a4ada4eba1a3	「とうろく」してある　ポケモンや\nともだちとの　たいせんが　できる。
0x01869E20C0D270FF	933	89	156	a4bba4a4a4c8a4f3	せいとん
0xF49BA29A18DB84BB	920	0	0	a5d0a5c8a5eb	バトル
0xF32FC4E612E6FD68	869	326	318	a5a2a5b3a5eca5a4a5eb	アコレイル
0x243F9B4140C28169	869	194	368	a5d7a5e9a5b9a5e9	プラスラ
0x63C7209DACB11A37	869	110	379	a4eaa4aba4b1a4a4	りかけい
0xB2CC14564528980A	869	194	318	a5c9a5aea5e3a5e9a5b9	ドギャラス
0xF51F221E021CB959	869	458	318	a5a4a5c7a5f3a5a6a5a3	イデンウィ
0x538FDE9D53B52874	869	326	368	a5b7a1bca5caa5c4	シーナツ
0x9D6BA825CF7FBAC3	869	458	368	a5b8a5e5a5e9a1bca5eb	ジュラール
0xC89BDEB61E2427FC	869	110	279	a4e0a4b7a4c8a4ea	むしとり
0x1F93FDF2543CB15C	869	194	218	a5d4a5aba4cea4b9a4b1	ピカのすけ
0xAC7B9229C935049C	869	326	218	a5aba5a4a4cea4b9a4b1	カイのすけ
0x4125CE765AEDE8B3	869	458	218	a5e1a5bfa4cea4b9a4b1	メタのすけ
0x68934091B17EECB2	869	194	268	a5b2a5f3a4cea4b9a4b1	ゲンのすけ
0xCA55F31EDCD95E5B	869	326	268	a5cba5c9a4cea4b9a4b1	ニドのすけ
0xFAE3D442B1B19443	869	458	268	a5b5a5eba4cea4b9a4b1	サルのすけ
0xB92240688B2003B0	836	107	404	a3c7a3c2	ＧＢ
0x7DF6D271CCE5DC12	836	455	156	a4a4a4c1a4e9a4f3	いちらん
0x04EB47FE8D8CF6AD	836	101	280	a4baa4aba4f3	ずかん
0xEDA908AE7DD39747	836	455	404	a4c8a4a6a4eda4af	とうろく
0x60250657BF436DE0	836	467	280	a4c6a4e2a4c1	てもち
0xDCA886FF6C7C1EAA	825	43296	10240	a4dfa4c0a4eca4c5a4ad	みだれづき
0x8C3B0F2ED3A1154A	771	46	61	a3c7a3c2a4cea5aba1bca5c8a5eaa5c3a5b8a4aca4caa4a4	ＧＢのカートリッジがない
0x623041C2C3A868C2	770	206	52	a4cea4b7a4aba4aba4ea	のしかかり
0x1BBC733F090A8C9B	770	186	19	a4b8a4b7a4f3	じしん
0x9AC85420DC287DF7	770	220	32	a4b7a4e1a4c4a4b1a4eb	しめつける
0xB8BBEC7C7C5AB1D5	770	172	39	a4a2a4caa4f2a4dba4eb	あなをほる
0xB98684876032077E	767	56	93	a5b2a1bca5e0a5dca1bca5a4a4cea5dda5b1a5e2a5f3a4cea1a1a5aba1bca5c8a5eaa5c3a5b8a4aca4a2a4eaa4dea4bba4f3a1a30aa3b6a3b4a3c7a3c2a5d1a5c3a5afa4cba1a1a5dda5b1a5e2a5f3a4cea1a1a5aba1bca5c8a5eaa5c3a5b8a4f20aa5bba5c3a5c8a4b7a4caa4a4a4c8a1a1a4c4a4aba4a8a4caa4a4a4ada4cea4a6a4aca1a1a4a2a4eaa4dea4b9a1a3	ゲームボーイのポケモンの　カートリッジがありません。\n６４ＧＢパックに　ポケモンの　カートリッジを\nセットしないと　つかえないきのうが　あります。
0x4D8531A60C3EDEC8	723	60	228	a5d5a1bca5c7a5a3a5f3	フーディン
0x37C3A0317C9F561D	723	324	228	a5b4a5eda1bca5cba5e3	ゴローニャ
0x4B55B1D48983AD1B	722	192	228	a5aba5a4a4eaa5ada1bc	カイりキー
0x195501E7F3F54844	721	456	228	a5eca5a2a5b3a5a4a5eb	レアコイル
0xB47EF25843DE0529	695	43296	10184	4672656520426174746c65	Free Battle
0x7EF471085CB116BD	598	456	228	a5a6a5a4a5f3a5c7a5a3	ウインディ
0x0F2718D5ADAC6309	596	324	228	a5aaa5b3a4eaa5b6a5eb	オコりザル
0x772E5F86199BE03E	595	60	228	a5cba5c9a5ada5f3a5b0	ニドキング
0x2024471D3AB51E4B	595	192	228	a5c0a5b0a5c8a4eaa5aa	ダグトりオ
0x84EAC48597E3075F	593	50	35	a5dda5b1a5e2a5f3a4ce20a5aba1bca5c8a5eaa5c3a5b8a4ac20a5bba5c3a5c80aa4b5a4eca4c6a4a4a4dea4bba4f3a1a320a4a2a4caa4bfa4cea5dda5b1a5e2a5f3a4f20aa4b5a4f3a4aba4b5a4bba4eba4cba4cf20a4c7a4f3a4b2a4f3a4f2a4ada4c3a4c6a4aba4e90aa5aba1bca5c8a5eaa5c3a5b8a4f220a5bba5c3a5c8a4b7a4c6a4afa4c0a4b5a4a4a1a3	ポケモンの カートリッジが セット\nされていません。 あなたのポケモンを\nさんかさせるには でんげんをきってから\nカートリッジを セットしてください。
0x1F8B0791A2845AE4	591	220	208	a5aaa5d7a5b7a5e7a5f3	オプション
0xD0281A2BCE632975	550	43296	10240	48617264656e	Harden
0x3D89E0D2C6BD47B2	523	60	228	a5b9a5d4a5a2a1bc	スピアー
0x98963B07240DAF40	505	192	228	a5aaa5cba5c9a4eaa5eb	オニドりル
0x9EF2CE9BAF5823D9	505	324	228	a5d4a5aba5c1a5e5a5a6	ピカチュウ
0x6D48CBC8D84FEF8C	505	456	228	a5cba5c9a5afa5a4a5f3	ニドクイン
0xB462AE60CD3BA415	504	324	368	a5e9a5d7a5e9a5b9	ラプラス
0x33EE954A6E25C3C5	499	60	368	a5b1a5f3a5bfa5eda5b9	ケンタロス
0x34FF1D01C33CF29C	489	43296	10184	53656c65637420426174746c652052756c6573	Select Battle Rules
0x2621231393B18131	487	43296	10200	426174746c65	Battle
0x83D1DB4D4F16840A	484	121	136	a5e1a5bfa5e2a5f3	メタモン
0xE24C3AF53DE4AF22	465	43296	10328	4c312d333020426174746c65	L1-30 Battle
0xF56F6DF26F949821	465	43296	10328	4c35302d353520426174746c65	L50-55 Battle
0x7696F837B8D66340	440	43296	8632	a5c8a5eca1bca5caa1bc	トレーナー
0x31FAA23B1FAB0551	400	456	228	a5b9a4eaa1bca5d1a1bc	スりーパー
0x3C313750AFF6EAD1	399	243	140	4c563a	LV:
0x17DF13509AEB1B2B	399	385	140	48503a	HP:
0x85F599D13D6B6FD6	399	247	171	a5bfa5a4a5d7a3b1a1bf	タイプ１／
0x9CCE7220A8A13249	399	369	171	a4b3a4a6a4b2a4ad	こうげき
0x68F7301FA6B24BF6	399	369	199	a4dca4a6a4aea4e7	ぼうぎょ
0x1F60A7690B8A8CD3	399	369	227	a4b9a4d0a4e4a4b5	すばやさ
0x20C1BC72035F5FFC	399	369	255	a4c8a4afa4b7a4e5	とくしゅ
0xD9F2C46D10767D35	399	119	383	a5eca5f3a5bfa5eba4b7a4dea4b9a4aba1a9	レンタルしますか？
0xB174898C0E4BB97F	395	72	98	a5c8a1bca5caa5e1a5f3a5c8a4bba4f3a4bfa4af	トーナメントせんたく
0x398C8252F73C19E7	395	324	228	a5a4a5efa1bca5af	イワーク
0xED77EB1963A27701	394	60	228	a5d1a5eba5b7a5a7a5f3	パルシェン
0x43C0E8A840793788	393	192	228	a5b2a5f3a5aca1bc	ゲンガー
0x4DBA12A8FB2B0A79	389	192	268	a5caa5c3a5b7a1bc	ナッシー
0xC31053684A3DE9AD	387	78	130	4ca1a1a3b1a1c1a3b3a3b0a4c7a4cea1a1a5c8a1bca5caa5e1a5f3a5c8	L　１〜３０での　トーナメント
0xD923C22D7AB39265	387	78	162	4ca3b5a3b0a1c1a3b5a3b5a4c7a4cea1a1a5c8a1bca5caa5e1a5f3a5c8	L５０〜５５での　トーナメント
0x7BA3CB283700E70A	387	60	268	a5dea5eba5dea5a4a5f3	マルマイン
0xC01846CDC4DF5F32	387	324	268	a5e9a5c3a5ada1bc	ラッキー
0x22EA34AC1541E495	386	456	268	a5aca5eba1bca5e9	ガルーラ
0xC6335BA5652CF0FA	375	60	368	a5aba5d3a5b4a5f3	カビゴン
0xD4342BACCE65E9EE	373	324	318	a5d6a1bca5b9a5bfa1bc	ブースター
0xD3A8EC7CE655A3E9	367	60	318	a5b7a5e3a5efa1bca5ba	シャワーズ
0xD1B2DCD4E469523F	366	192	318	a5b5a5f3a5c0a1bca5b9	サンダース
0x7660B1EA40458FED	363	78	204	a4c0a4a4a3b2a4aba4a4a1a1a5dda5b1a5e2a5f3a1a1a4bca4f3a4b3a4afa4bfa4a4a4aba4a40aa4b3a4a6a4b7a4ada5eba1bca5eba4c7a4cea1a1a5c8a1bca5caa5e1a5f3a5c8a1a30aa4b1a4c3a4b7a4e7a4a6a4f2a4d5a4afa4e1a1a1a3b8a4aba4a4a4bba4f3a1a30a0aa4bfa4a4a4bba4f3a4a2a4a4a4c6a4cfa1a1a5b2a1bca5e0a5dca1bca5a4a4ce0aa5dda5b1a5e2a5f3a4c7a1a1a4aaa4caa4b8a4dfa4cea1a1a5c8a5eca1bca5caa1bca4bfa4c1a1a30aa3b8a4aba4a4a4cea5dda5b1a5e2a5f3a5d0a5c8a5eba4cba1a1a4b7a4e7a4a6a4eaa4bba4e8a1aa	だい２かい　ポケモン　ぜんこくたいかい\nこうしきルールでの　トーナメント。\nけっしょうをふくめ　８かいせん。\n\nたいせんあいては　ゲームボーイの\nポケモンで　おなじみの　トレーナーたち。\n８かいのポケモンバトルに　しょうりせよ！
0x4E018B2080184C85	315	43296	10328	566965772052756c6573	View Rules
0xA78F7DCFA25CF655	275	220	32	a4ada4a2a4a4a4c0a4e1	きあいだめ
0xA36C00E3CDB6A9DA	275	206	52	a4c8a4c3a4b7a4f3	とっしん
0x040384590A9ED755	275	172	39	a4aba4bfa4afa4caa4eb	かたくなる
0x009FC4BAC658F831	266	60	318	a5b9a5bfa1bca5dfa1bc	スターミー
0xB3512BDD25487E32	266	456	318	a5aba5a4a5eda5b9	カイロス
0xBC83E5F48774C97B	264	324	318	a5eba1bca5b8a5e5a5e9	ルージュラ
0x6E1E0B417D15B2FB	263	192	318	a5b9a5c8a5e9a5a4a5af	ストライク
0x4229B6122D5AA3CC	211	110	163	a4c8a4eaa4c4a4aba4a4	とりつかい
0x8183F0D13C181E13	198	247	231	a5bfa5a4a5d7a3b2a1bf	タイプ２／
0x1BC385AC137CDAD8	177	43296	10200	53656c656374204f70706f6e656e74	Select Opponent
0xE39E99EA4BB80E4B	163	64	94	a4bfa4a4a4bba4f3a5eba1bca5eba4bba4f3a4bfa4af	たいせんルールせんたく
0x4690541EA8542672	155	70	190	4ca3b5a3b0a1c1a3b5a3b5a1a1a5d0a5c8a5eb	L５０〜５５　バトル
0x1262D9F3C3B0D82A	155	70	158	4ca1a1a3b1a1c1a3b3a3b0a1a1a5d0a5c8a5eb	L　１〜３０　バトル
0x41651F8AD715810B	155	78	236	a3b4a3b0a4b7a4e5a4eba4a4a4cea1a1a5dda5b1a5e2a5f3a4cea1a1a4caa4aba4aba4e90aa3b6a4d4a4ada4f2a1a1a4a8a4e9a4f3a4c7a4cea1a1a4bfa4a4a4bba4f3a1a30aa5eca5d9a5eba4cea1a1a4bba4a4a4b2a4f3a4cfa1a1a4caa4b7a1a3	４０しゅるいの　ポケモンの　なかから\n６ぴきを　えらんでの　たいせん。\nレベルの　せいげんは　なし。
0x30834B4DD40E0C59	154	16	16	b9e029	項)
0x2FD6154DD37AFAC2	154	16	16	b9b577	控w
0x2583B34DCD29E697	154	16	16	bad03c	歳<
0x9B165300C5DBDB90	154	16	16	3572	5r
0x88110F504A712771	154	16	16	39cced	9耶
0x9CF8A284787D812A	154	16	16	bba44024b7bf28	擦@$型(
0x9B053700C5CD38C9	153	456	241	3250	2P
0x9B023100C5CAF8C0	153	456	269	3350	3P
0x9B197B00C5DE555F	153	456	297	3450	4P
0xB8FFC150654C0390	153	456	325	434f4d	COM
0x74028C503E4F4482	153	16	16	3b263c	;&<
0x151638371AB93587	153	16	16	3ba5e068388ec4	;ムh8ﾄ
0x04688548E8E10205	127	176	252	a5a8a5f3a5c8a5eaa1bca4b1a4c3a4c6a4a4	エントリーけってい
0x9B314E00C5F29AC9	111	16	16	3d49	=I
0x9B31A000C5F3261F	111	16	16	3d3f	=?
0x7394D7503DF13F13	111	16	16	3bc6cb	;橡
0x521AD93098C86F90	105	86	150	a4bfa4a4a4bba4f3a4b9a4eb	たいせんする
0x84E70DCFF3F1A5D8	105	86	182	a5eba1bca5eba4f2a4dfa4eb	ルールをみる
0x92CB149BFAE35395	105	94	228	a4b8a4e6a4a6a4caa5eca5d9a5eba4c7a4cea4bfa4a4a4bba4f3a1a30aa4c4a4aba4a8a4eba5dda5b1a5e2a5f3a4cfa1a1a3b4a3b0a4b7a4e5a4eba4a4a1a3	じゆうなレベルでのたいせん。\nつかえるポケモンは　４０しゅるい。
0x915638A32A7F398C	94	267	195	a4dfa4ba	みず
0xB3A0E85519A41C7D	84	16	16	3cf0f93d3c45a8a6bdc22757	<顆=<E└渋'W
0x9B1D0D00C5E1834C	84	16	16	3b2c	;,
0x6B9D36EA155A6D9D	84	16	16	3bc4cf7c393041	;掴|90A
0x7EF81650452AFDF5	84	16	16	3ab5dd	:弓
0x1F9A21F81C246004	84	16	16	39c8d44038b3d7	9挽@8革
0x5167C89C370DD2F7	84	16	16	39bfd3c0ba383f	9甚精8?
0xAFE2F35060023A4E	84	11	16	3cb7f4	<券
0xC78E437D07A5AB36	83	110	179	a5dca1bca5a4	ボーイ
0x84C8E69CAB1FF8EC	83	194	118	a5aea5d0a4e4a4f3	ギバやん
0x91D62469DFD61CDD	83	326	118	a4eaa5b6a1bca4c9a4f3	りザーどん
0xFED21AF5BE606EE7	83	458	118	a5aba5e1a4b5a4f3	カメさん
0xBE2A3F8EACA336B8	83	194	168	a5d4a5aba5c1a4afa4f3	ピカチくん
0xC5A83B00BC470FDB	83	326	168	a5e9a5d7a5e9a4cfa4f3	ラプラはん
0xB1058F80A5A2D250	83	458	168	a5b4a5f3a4b5a4f3	ゴンさん
0x47EC7D53EE5C50A9	80	110	279	a5dfa5cba5b9a5ab	ミニスカ
0x94C95490DF147156	80	194	218	a4b2a4a8a4f3a4aca4a2	げえんがあ
0x2F4A86FE5D86BA2B	80	326	218	a4dea4eba4c1a4e3a4f3	まるちゃん
0x06D30619676419F4	80	458	218	a4bfa4dfa4c1a4e3a4f3	たみちゃん
0x622830A036AA72FC	80	194	268	a4e9a4ada4eaa4f3	らきりん
0x38CD0CD878A03D65	80	326	268	a4d5a4a6a4c1a4e3a4f3	ふうちゃん
0x7C53FC2551D4A4C0	80	458	268	a4b1a4f3a4bfa4d4a4a4	けんたぴい
0x883222CB22F2C9E8	77	88	122	a3cca1a1a3b1a1c1a3b3a3b0a4c7a4cea1a1a5c8a1bca5caa5e1a5f3a5c8	Ｌ　１〜３０での　トーナメント
0x1C39FC867D11824A	69	94	154	a5c8a1bca5caa5e1a5f3a5c8a4cba4c7a4eb	トーナメントにでる
0x86F1A96C074DCC0E	68	267	255	a4d2a4b3a4a6	ひこう
0xFCFAF391C799EAD6	67	94	228	a4c0a4a4a3b2a4aba4a4a1a1a5dda5b1a5e2a5f3a1a1a4bca4f3a4b3a4afa4bfa4a4a4aba4a4a4ce0aa5eba1bca5eba4cba4e2a4c8a4c5a4a4a4bfa1a1a5c8a1bca5caa5e1a5f3a5c8a4bfa4a4a4aba4a4a1a30aa4c4a4aba4a8a4eba5dda5b1a5e2a5f3a4cfa1a1a3b3a3b3a4b7a4e5a4eba4a4a1a3	だい２かい　ポケモン　ぜんこくたいかいの\nルールにもとづいた　トーナメントたいかい。\nつかえるポケモンは　３３しゅるい。
0xCA5AAF376F668DCB	66	192	97	a5b3a5f3a5d4a5e5a1bca5bfa4e4a1a1a4c8a4e2a4c0a4c1a4c8a1a1a4bfa4a4a4bba4f30aa4b9a4eba1a3	コンピュータや　ともだちと　たいせん\nする。
0xF6D70CF6C30097CA	66	242	191	a4cfa4a4a4eaa4dea4b9a4aba1a9	はいりますか？
0x991ED700C42FA790	66	329	426	a1f6	＊
0xCF03F498F170D304	66	43296	10360	a4e6a4b1a4c3a1aaa5a4a5efa5a4a5ef	ゆけっ！イワイワ
0xA6085B5FCB25D4B4	66	51	192	a4e6a4b1a4c3a1aaa5d1a5eba5d1a5eb	ゆけっ！パルパル
0xFBA3FCE9C0EFC0DC	66	43296	10360	a4e6a4b1a4c3a1aaa5b9a5d4a5b9a5d4	ゆけっ！スピスピ
0x61BC832F99BB1F8E	64	267	195	a5cea1bca5dea5eb	ノーマル
0xFF93EA37A9BD7513	60	332	341	a4aba4b2a4d6a4f3a4b7a4f3	かげぶんしん
0xD6470C508F0AF4DF	59	267	255	a5a8a5b9a5d1a1bc	エスパー
0x042E80FFB86951E1	59	176	62	a4a2a4a4a4c6a4f2a4bba4f3a4bfa4af	あいてをせんたく
0xFD71F84DB7633570	57	16	16	b7dc50	鶏P
0x86D879504967A34B	57	16	16	39685b	9h[
0x752D5A503F4CEA74	57	16	16	3b4e6e	;Nn
0xEB7AAE56B24EF6EB	57	16	16	3d2e4a643c4feffcbdb77b44	=.Jd<O陷酬{D
0x86419F225DC00B5F	57	16	16	3d57dac43c784620bdab3e0a	=W敖<xF 繍>\n
0x546BD36B51C3536C	57	16	16	3d455dd4bc596b64bdb15d75	=E]埃Ykd襲]u
0xA8A54C505C4F82BC	57	16	16	3d2862	=(b
0x5EE61D2A094CD623	54	208	293	a4bfa4a4a4a2a4bfa4ea	たいあたり
0xACB5E18D79237806	48	228	128	a5eca5f3a5bfa5eba5dda5b1a5e2a5f3a4aba4e90a2020a3b6a4bfa4a4a4a8a4e9a4d6	レンタルポケモンから\n  ６たいえらぶ
0x4B61C53E02FCBE15	48	267	255	a4b8a4e1a4f3	じめん
0x58FE528C73831D9B	47	62	69	a5b9a5a4a5c3a5c1a5aaa5d5	スイッチオフ
0xA098DC1BF53AB3A5	46	332	341	a4c7a4f3a4b3a4a6a4bba4c3a4ab	でんこうせっか
0xC99A9AC07FBC30B5	45	78	204	a4c0a4a4a3b1a4aba4a4a1a1a5dda5b1a5e2a5f3a1a1a4bca4f3a4b3a4afa4bfa4a4a4aba4a40aa4b3a4a6a4b7a4ada5eba1bca5eba4c7a4cea1a1a5c8a1bca5caa5e1a5f3a5c8a1a30aa4b1a4c3a4b7a4e7a4a6a4f2a4d5a4afa4e1a1a1a3b8a4aba4a4a4bba4f3a1a30a0aa4c0a4a4a3b1a4aba4a4a1a1a4bfa4a4a4aba4a4a4cea1a1a4b1a4c3a4b7a4e7a4a60aa5c8a1bca5caa5e1a5f3a5c8a1a1a4b7a4e5a4c4a4b8a4e7a4a6a5c8a5eca1bca5caa1bca4ce0aa5dda5b1a5e2a5f3a4c8a4cea1a1a4bfa4a4a4bba4f3a1a3a4c6a4b4a4efa4a4a4bea1aa	だい１かい　ポケモン　ぜんこくたいかい\nこうしきルールでの　トーナメント。\nけっしょうをふくめ　８かいせん。\n\nだい１かい　たいかいの　けっしょう\nトーナメント　しゅつじょうトレーナーの\nポケモンとの　たいせん。てごわいぞ！
0x1811E7A2E5CFFE9D	45	267	255	a4c9a4af	どく
0xEAF48EAD56B1D9DD	43	144	317	a4eaa4e5a4a6a4cea4a4a4aba4ea	りゅうのいかり
0x2DCC9DA1F7F6A348	43	228	293	a4caa4dfa4cea4ea	なみのり
0x71DAA6CF28E3EDDA	43	332	341	a4aba4dfa4c4a4af	かみつく
0x8E4C17DA3B5AB0D4	41	267	195	a4c7a4f3a4ad	でんき
0xBE4C0688DB775560	41	204	317	a4b9a4caa4aba4b1	すなかけ
0xF8DD0DC94C1F364A	40	267	255	a4b3a4aaa4ea	こおり
0x5E8FECCEDCF5D37D	39	192	97	a5b3a5f3a5d4a5e5a1bca5bfa4aba4e9a1a1a4c7a4eba1a3	コンピュータから　でる。
0x2C631D557CABAED4	39	242	191	a4c7a4dea4b9a4aba1a9	でますか？
0xF4DE70A36413DAC2	38	267	195	a4e0a4b7	むし
0xE11925ACF66A340F	34	104	146	a5aba5c3a5d7a4bba4f3a4bfa4af	カップせんたく
0x803E909926E8B957	33	145	424	a5dca5bfa5f3a4c7a4e2a4c9a4eb	ボタンでもどる
0xB958EEA1567CDD9F	33	384	424	a5dca5bfa5f3a4c7a4aba4afa4cba4f3	ボタンでかくにん
0x1C72C7C3AA2F5C3A	32	356	317	a4c1a4ada4e5a4a6a4caa4b2	ちきゅうなげ
0xFCB264A48A8A88EE	31	267	195	a4a4a4ef	いわ
0x7138A43674E85B66	31	356	317	a4a6a4bfa4a6	うたう
0x3DC87BB5FD1B978C	30	208	293	a4e6a4d3a4f2a4d5a4eb	ゆびをふる
0x139DCCB3A6F54076	30	332	341	a4cba4e9a4dfa4c4a4b1a4eb	にらみつける
0x004C9084E55D6EB9	29	332	341	a4cda4e0a4eb	ねむる
0x3FBF7D43D6051F3B	28	356	317	a4c9a4afa4c9a4af	どくどく
0xF8D367F7E14D98A2	28	356	317	a4d5a4dfa4c4a4b1	ふみつけ
0xA5EDE1CF466991CF	28	356	317	a4aba4dfa4caa4ea	かみなり
0x1EB0E7A3083EF790	27	356	317	a4c0a4a4a4e2a4f3a4b8	だいもんじ
0x4C1011190E2567E6	27	267	195	a4dba4cea4aa	ほのお
0xAE7252BEC36E3B03	27	356	317	a4aba4caa4b7a4d0a4ea	かなしばり
0x6E3C69F1E3348E25	26	114	254	a5cfa5a4a5d1a1bca5dca1bca5eba5aba5c3a5d7	ハイパーボールカップ
0xB197B3B4590D2D7F	26	114	182	a5e2a5f3a5b9a5bfa1bca5dca1bca5eba5aba5c3a5d7	モンスターボールカップ
0x9C6E579A152D33EF	26	114	290	a5dea5b9a5bfa1bca5dca1bca5eba5aba5c3a5d7	マスターボールカップ
0xC2BE9CB87FDECB43	26	114	218	a5b9a1bca5d1a1bca5dca1bca5eba5aba5c3a5d7	スーパーボールカップ
0x775096D91518411F	25	332	341	a4b9a4c6a4dfa5bfa5c3a5afa5eb	すてみタックル
0x701CB86F47156A4F	24	94	228	a5d5a5eaa1bca5d0a5c8a5eba4cea1a1a4bba4c4a4e1a4a4a4f2a4dfa4eba1a3	フリーバトルの　せつめいをみる。
0x9FE84B81840EAD53	23	332	341	a3b1a3b0a4dea4f3a5dca5eba5c8	１０まんボルト
0x39869260D4FCA905	21	78	236	a4c0a4a4a3b1a4aba4a4a1a1a5dda5b1a5e2a5f3a1a1a4bca4f3a4b3a4afa4bfa4a4a4aba4a40aa4b3a4a6a4b7a4ada5eba1bca5eba4c7a4cea1a1a4bfa4a4a4bba4f3a1a30aa4c4a4aba4a8a4eba1a1a5dda5b1a5e2a5f3a4cfa1a1a3b4a3b0a4b7a4e5a4eba4a4a1a3	だい１かい　ポケモン　ぜんこくたいかい\nこうしきルールでの　たいせん。\nつかえる　ポケモンは　４０しゅるい。
0x381ED27AE75A0834	21	332	341	a4b7a4eda4a4a4ada4ea	しろいきり
0x9A1ED572B2215201	21	188	293	a4dfa4baa4c7a4c3a4dda4a6	みずでっぽう
0x5AA4BD352BEB8BDC	21	356	317	a4aca4dea4f3	がまん
0x040BACE261D463ED	21	168	293	a5e1a5aca5c8a5f3a5d1a5f3a5c1	メガトンパンチ
0x72E71F54AA307963	21	332	341	a4c0a4a4a4d0a4afa4cfa4c4	だいばくはつ
0xACD6C9EA34EF41C3	21	356	317	a4b5a4a4a4dfa4f3a4b8a4e5a4c4	さいみんじゅつ
0xCAC4CAF403D14EA2	20	356	317	a5d0a5d6a5eba4b3a4a6a4bba4f3	バブルこうせん
0x7822A994360B2993	20	204	317	a4aba4a4a4eaa4ad	かいりき
0xDBD0A6410FC67E81	20	267	195	a4aba4afa4c8a4a6	かくとう
0xA839515BBD87559C	19	188	293	a4c4a4eba4aea4cea4dea4a4	つるぎのまい
0x1A9F7D1039F2829C	19	204	317	a4ada4eaa4b5a4af	きりさく
0xE1C9E3B5021F84A2	19	332	341	a5e1a5aca5c9a5eca5a4a5f3	メガドレイン
0xBD32216D2D8DE1C2	19	356	317	a5c0a5d6a5eba5cba1bca5c9a5eb	ダブルニードル
0xA8BBAAFA617ED91B	19	356	317	a4c1a4e7a4a6a4aaa4f3a4d1	ちょうおんぱ
0x963F3DA7CE745505	19	144	317	a4aaa4a6a4d5a4afa5d3a5f3a5bf	おうふくビンタ
0x6FED5D689951FA7A	17	94	228	a4c0a4a4a3b2a4aba4a4a1a1a5dda5b1a5e2a5f3a1a1a4bca4f3a4b3a4afa4bfa4a4a4aba4a4a4ce0aa5eba1bca5eba4cea1a1a4bba4c4a4e1a4a4a4f2a4dfa4eba1a3	だい２かい　ポケモン　ぜんこくたいかいの\nルールの　せつめいをみる。
0x34C0B66BF610FF8F	17	356	317	a4bda4e9a4f2a4c8a4d6	そらをとぶ
0x16835DA00280EC5C	16	78	236	a4c0a4a4a3b2a4aba4a4a1a1a5dda5b1a5e2a5f3a1a1a4bca4f3a4b3a4afa4bfa4a4a4aba4a40aa4b3a4a6a4b7a4ada5eba1bca5eba4c7a4cea1a1a4bfa4a4a4bba4f3a1a30aa4c4a4aba4a8a4eba1a1a5dda5b1a5e2a5f3a4cfa1a1a3b3a3b3a4b7a4e5a4eba4a4a1a3	だい２かい　ポケモン　ぜんこくたいかい\nこうしきルールでの　たいせん。\nつかえる　ポケモンは　３３しゅるい。
0xE8C75E268506FE44	16	188	293	a4b7a4c3a4dda4f2a4d5a4eb	しっぽをふる
0x4C1826428F130211	16	144	317	a4eca4a4a4c8a4a6a5d3a1bca5e0	れいとうビーム
0xF86F09EB92C5EE66	16	168	293	a5b5a5a4a5b3a5ada5cda5b7a5b9	サイコキネシス
0x718F54FE3A0EA4C2	16	332	341	a4baa4c4a4ad	ずつき
0x8D280241203BEF56	16	204	317	a4c9a4afa5aca5b9	どくガス
0x89773BEFFFBB96A9	15	16	16	3d5d69e6bbbfe838bdabdbe6	=]i羯粋8繍梟
0x5E882F4DEEE3646B	15	16	16	bcb432	軸2
0x9982A800C485880E	15	16	16	bcb7	七
0x9B317700C5F2E074	15	16	16	3d66	=f
0x379010738D14F6B4	14	144	317	a5b9a5d4a1bca5c9a5b9a5bfa1bc	スピードスター
0x022DAF49EFB76B96	14	356	317	a4c7a4f3a4b8a4cf	でんじは
0x8FC9388DC4B5AD3E	14	10	16	3d652748bda7	=e'H洲
0xB46D68DE93EDE00D	14	10	16	3d6834f0bda8adb2ba5adefd	=h4霆┃穏Z漲
0xA9C8C37D7B00CC67	14	10	16	3da4af5e3d6bc4b8	=く^=k銚
0x73D09056BE7B7DAF	12	194	88	a5b9a4eaa5d1a4c9a4f3	スりパどん
0xDF5CF44F36BE4774	12	326	88	a4eaa5ada1bca4c9a4f3	りキーどん
0xF88052B7F8B26E1A	12	458	88	a5b4a5eda5cba4c9a4f3	ゴロニどん
0x29B5BB48EFB8D784	12	326	38	a5d6a5b9a5bfa4c9a4f3	ブスタどん
0x03DB0C930D0ABBD5	12	110	99	a4c9a4eda4dca4a6	どろぼう
0xC70415B20DA06C42	12	458	38	a5b5a5f3a5c0a4c9a4f3	サンダどん
0xF11BECA96A3277F1	12	194	38	a5b7a5e3a5efa4c9a4f3	シャワどん
0xFA4695614EFAD4D0	12	228	293	a4bfa4dea4caa4b2	たまなげ
0x47268FA4B3B84841	12	267	195	a4afa4b5	くさ
0x870FA64571A410F4	11	326	88	a5bfa5eda4b8a4eda4a6	タロじろう
0xBFF4875E2DFDA8BD	11	458	88	a5c8a4eaa5aaa4b5a4f3	トりオさん
0xB98027A6F02FC849	11	194	88	a5aca5e9a4b8a4eda4a6	ガラじろう
0x262B33CD9602F72D	11	326	38	a5c8a5e9a4b8a4eda4a6	トラじろう
0xDE61DFCC39F78B6D	11	194	38	a5dea5eba4b8a4eda4a6	マルじろう
0xF1BF752B481F47B5	11	110	99	a4bfa4f3a4d1a4f3	たんぱん
0x673D4A467EFF4D91	11	458	38	a5aaa5cba4b8a4eda4a6	オニじろう
0x5CB7300E6E35416D	11	144	317	a5b5a5a4a5b1a4b3a4a6a4bba4f3	サイケこうせん
0x9622059FE1F374E8	11	356	317	a4a4a4efa4caa4c0a4ec	いわなだれ
0xB51F123D1D202076	11	332	341	a4b8a4d0a4af	じばく
0x34A68846F15426F0	11	224	317	a4a4a4aba4ea	いかり
0x07830D90DD5E50FA	11	188	293	a5eaa5d5a5eca5afa5bfa1bc	リフレクター
0xB63D68831ABAFCAD	11	248	293	a4cfa4b5a4e0	はさむ
0x3B1CE0FE5117E366	11	332	341	a5cfa5b5a5dfa5aea5eda5c1a5f3	ハサミギロチン
0xE8E64B1214A25CF4	11	164	317	a4b8a4b3a4b5a4a4a4bba4a4	じこさいせい
0xD3EAA05076ABD225	10	188	293	a4b8a4b4a4afa4b0a4eba4de	じごくぐるま
0x861BFEE90DAD3402	10	332	341	a4aba4e9a4c7a4cfa4b5a4e0	からではさむ
0x2E18AF88714F9579	10	144	317	a5aaa1bca5eda5e9a5d3a1bca5e0	オーロラビーム
0x68DE38D687F6983A	10	164	317	a4d2a4aba4eaa4cea4aba4d9	ひかりのかべ
0x6EF4062679C3995D	10	168	293	a5bfa5dea5b4a4d0a4afa4c0a4f3	タマゴばくだん
0x65F6B6C88E33C397	10	332	341	a5e1a5aca5c8a5f3a5ada5c3a5af	メガトンキック
0xCED02871ACE9864E	10	184	317	a5bfa5dea5b4a4a6a4df	タマゴうみ
0x720D5F8E682459A3	9	332	341	a5caa5a4a5c8a5d8a5c3a5c9	ナイトヘッド
0x95A5736B220FD9C3	9	356	317	a4b3a4a6a4bda4afa4a4a4c9a4a6	こうそくいどう
0x474559015E4CB3D8	9	267	195	a5b4a1bca5b9a5c8	ゴースト
0x10D7929CAEC2B67E	9	356	317	a4caa4ada4b4a4a8	なきごえ
0xCC980CCAA5148854	9	228	293	a4d2a4c3a4aba4af	ひっかく
0xD3005216F3592EA5	9	356	317	a4dfa4aca4efa4ea	みがわり
0xAFB4432E521A0C40	9	168	293	a4cfa4aba4a4a4b3a4a6a4bba4f3	はかいこうせん
0x74D27D0D2DDB80A2	9	188	293	a4b7a4bfa4c7a4caa4e1a4eb	したでなめる
0x19706FD7E2ECE629	9	356	317	a4a2a4e4a4b7a4a4a4d2a4aba4ea	あやしいひかり
0x66EA8DF7886B3799	9	168	293	a4eca4f3a4bea4afa5d1a5f3a5c1	れんぞくパンチ
0x0882C4F3164E7C62	9	356	317	a5bda5cba5c3a5afa5d6a1bca5e0	ソニックブーム
0xF4E56A1D5292AF94	9	356	317	a4a2a4afa4dea4cea5ada5c3a5b9	あくまのキッス
0xA46DBF4DD4233D49	9	332	341	a5b5a5a4a5b3a5a6a5a7a1bca5d6	サイコウェーブ
0x65C8A54AC3BC1130	8	144	317	a4c7a4f3a4ada5b7a5e7a5c3a5af	でんきショック
0x4648668DF25D14F5	8	144	317	a5c9a5eaa5eba4afa4c1a4d0a4b7	ドリルくちばし
0x63F044040567AF9F	8	332	341	a5aaa5a6a5e0a4aca4a8a4b7	オウムがえし
0x532CEEE2272B5749	5	0	0	a5e1a5a4a5f3a5e1a5cba5e5a1bc	メインメニュー
0x819F3B85325DEB53	4	279	177	a4cfa4a42020a4a8a4e9a4d3a4caa4aaa4b9	はい  えらびなおす
0x42B9EF871B3470A8	4	231	140	a4b3a4eca4c720a4a4a4a4a4c7a4b9a4aba1a9	これで いいですか？
0xC9FE6254907B4B29	4	43296	10208	4d61696e204d656e75	Main Menu
0x2594B14DCD385664	3	10	16	bacb3c	宰<
0x9A12BC79E734DA70	2	0	130	3f614267	?aBg
0x9B427300C6014CDB	2	100	100	4060	@`
0x9930C900C43FB5F9	2	51	192	a4e6	ゆ
0xDF6824A356C0AC42	2	51	192	a4e6a4b1	ゆけ
0x3506449717F65AE3	2	51	192	a4e6a4b1a4c3	ゆけっ
0xCCBDD85EFD01A7E4	2	51	192	a4e6a4b1a4c3a1aa	ゆけっ！
0x706925924B151655	2	43296	10360	a4e6a4b1a4c3a1aaa5a4	ゆけっ！イ
0xE42ACA8F9DD332D4	2	43296	10360	a4e6a4b1a4c3a1aaa5a4a5efa5a4	ゆけっ！イワイ
0x7068F0924B14BC46	2	43296	10360	a4e6a4b1a4c3a1aaa5d1	ゆけっ！パ
0x692FE12AE394DA56	2	43296	10360	a4e6a4b1a4c3a1aaa5d1a5eb	ゆけっ！パル
0xEFBEFFD526E15D28	2	43296	10360	a4e6a4b1a4c3a1aaa5d1a5eba5d1	ゆけっ！パルパ
0x343F622BE796860D	2	43296	10360	a4e6a4b1a4c3a1aaa5a4a5ef	ゆけっ！イワ
0x3CC8C366C06B0585	2	43296	10360	a4e6a4b1a4c3a1aaa5b9a5d4a5b9	ゆけっ！スピス
0x706918924B15003E	2	43296	10360	a4e6a4b1a4c3a1aaa5b9	ゆけっ！ス
0xC2D2542BA71D188F	2	43296	10360	a4e6a4b1a4c3a1aaa5b9a5d4	ゆけっ！スピ
0x7068F4924B14C312	1	51	192	a4e6a4b1a4c3a1aaa5d5	ゆけっ！フ
0x8BEE642AF74A6778	1	51	192	a4e6a4b1a4c3a1aaa5d5a4ea	ゆけっ！フり
0x7140D4BD64B0DAE5	1	51	192	a4e6a4b1a4c3a1aaa5d5a4eaa1bc	ゆけっ！フりー
0x4F3601FFA6593682	1	51	192	a4e6a4b1a4c3a1aaa5d5a4eaa1bca5b6	ゆけっ！フりーザ
0xC5668D252B9135BF	1	51	192	a4e6a4b1a4c3a1aaa5d5a4eaa1bca5b6a1bc	ゆけっ！フりーザー
0x734CC9F30B51E3FA	1	228	293	a4d8a4f3a4b7a4f3	へんしん
0x7B15270175622996	1	16	16	3dccc7e2b95438	=滅盥T8
0xF07C740CA945B706	1	16	16	3dccc7deb8292a	=滅涕)*
0x9B354C00C5F6803A	1	16	16	3c53	<S
0x9B353700C5F65C8B	1	16	16	3c44	<D
